label,filename,subid
0,000000-vis.png,1
4,000001-vis.png,1
4,000002-vis.png,1
4,000003-vis.png,1
4,000004-vis.png,1
4,000005-vis.png,1
4,000006-vis.png,1
3,000007-vis.png,1
3,000008-vis.png,1
1,000009-vis.png,2
1,000010-vis.png,2
1,000011-vis.png,2
1,000012-vis.png,2
1,000013-vis.png,2
4,000014-vis.png,2
0,000015-vis.png,2
4,000016-vis.png,2
4,000017-vis.png,2
2,000018-vis.png,2
2,000019-vis.png,2
2,000020-vis.png,2
4,000021-vis.png,2
2,000022-vis.png,3
4,000023-vis.png,3
3,000024-vis.png,3
4,000025-vis.png,3
3,000026-vis.png,3
3,000027-vis.png,3
3,000028-vis.png,3
3,000029-vis.png,4
3,000030-vis.png,4
4,000031-vis.png,4
3,000032-vis.png,4
4,000033-vis.png,4
2,000034-vis.png,5
0,000035-vis.png,5
2,000036-vis.png,5
4,000037-vis.png,5
2,000038-vis.png,5
2,000039-vis.png,5
4,000040-vis.png,5
4,000041-vis.png,5
4,000042-vis.png,5
4,000043-vis.png,5
4,000044-vis.png,5
3,000045-vis.png,5
2,000046-vis.png,5
4,000047-vis.png,5
4,000048-vis.png,5
4,000049-vis.png,5
4,000050-vis.png,5
4,000051-vis.png,5
4,000052-vis.png,5
0,000053-vis.png,6
2,000054-vis.png,6
4,000055-vis.png,6
2,000056-vis.png,6
3,000057-vis.png,6
3,000058-vis.png,7
4,000059-vis.png,7
4,000060-vis.png,7
3,000061-vis.png,7
3,000062-vis.png,7
3,000063-vis.png,7
3,000064-vis.png,7
4,000065-vis.png,7
4,000066-vis.png,7
4,000067-vis.png,8
4,000068-vis.png,8
1,000069-vis.png,8
0,000070-vis.png,9
4,000071-vis.png,9
4,000072-vis.png,9
0,000073-vis.png,9
1,000074-vis.png,9
0,000075-vis.png,9
1,000076-vis.png,9
1,000077-vis.png,9
0,000078-vis.png,9
1,000079-vis.png,9
0,000081-vis.png,9
1,000082-vis.png,9
4,000083-vis.png,9
4,000084-vis.png,10
4,000085-vis.png,10
4,000086-vis.png,10
4,000087-vis.png,10
4,000088-vis.png,10
4,000089-vis.png,10
4,000090-vis.png,10
4,000091-vis.png,10
4,000093-vis.png,10
4,000094-vis.png,10
4,000095-vis.png,10
4,000096-vis.png,10
4,000097-vis.png,10
4,000098-vis.png,11
3,000099-vis.png,11
4,000100-vis.png,11
3,000101-vis.png,11
3,000102-vis.png,11
3,000103-vis.png,11
4,000104-vis.png,11
4,000105-vis.png,11
4,000106-vis.png,11
4,000107-vis.png,11
3,000108-vis.png,12
2,000109-vis.png,12
4,000110-vis.png,12
0,000111-vis.png,12
3,000112-vis.png,12
2,000113-vis.png,12
2,000114-vis.png,12
2,000115-vis.png,12
0,000116-vis.png,12
3,000117-vis.png,12
3,000118-vis.png,12
3,000119-vis.png,12
4,000120-vis.png,13
4,000121-vis.png,13
4,000122-vis.png,13
4,000123-vis.png,13
0,000124-vis.png,13
4,000125-vis.png,13
0,000126-vis.png,13
4,000127-vis.png,13
4,000128-vis.png,14
0,000129-vis.png,14
0,000130-vis.png,14
0,000131-vis.png,14
0,000132-vis.png,15
2,000133-vis.png,15
3,000134-vis.png,15
0,000135-vis.png,16
1,000136-vis.png,16
4,000137-vis.png,16
0,000138-vis.png,16
0,000139-vis.png,17
2,000140-vis.png,17
0,000141-vis.png,17
3,000142-vis.png,17
3,000143-vis.png,17
3,000144-vis.png,17
1,000145-vis.png,17
3,000146-vis.png,17
0,000147-vis.png,17
0,000148-vis.png,17
0,000149-vis.png,17
1,000150-vis.png,17
1,000151-vis.png,17
1,000152-vis.png,17
1,000153-vis.png,17
3,000154-vis.png,17
0,000155-vis.png,17
1,000156-vis.png,17
3,000157-vis.png,17
3,000158-vis.png,17
4,000159-vis.png,17
1,000160-vis.png,17
3,000161-vis.png,17
3,000162-vis.png,17
1,000163-vis.png,17
4,000164-vis.png,17
3,000165-vis.png,17
3,000166-vis.png,17
3,000167-vis.png,17
0,000168-vis.png,17
1,000171-vis.png,17
4,000172-vis.png,17
3,000173-vis.png,17
3,000174-vis.png,17
4,000175-vis.png,18
4,000176-vis.png,18
4,000177-vis.png,18
0,000178-vis.png,19
0,000179-vis.png,19
2,000180-vis.png,19
2,000181-vis.png,19
4,000182-vis.png,19
0,000183-vis.png,19
4,000184-vis.png,19
2,000185-vis.png,19
3,000186-vis.png,19
4,000187-vis.png,19
3,000188-vis.png,19
3,000189-vis.png,19
4,000190-vis.png,19
2,000191-vis.png,19
2,000192-vis.png,19
3,000194-vis.png,20
4,000195-vis.png,20
3,000196-vis.png,20
4,000197-vis.png,20
4,000198-vis.png,20
4,000199-vis.png,20
4,000200-vis.png,20
4,000201-vis.png,20
4,000202-vis.png,20
4,000203-vis.png,20
4,000204-vis.png,20
4,000205-vis.png,21
1,000206-vis.png,21
1,000207-vis.png,22
1,000208-vis.png,22
0,000209-vis.png,23
3,000210-vis.png,23
1,000211-vis.png,23
1,000212-vis.png,23
3,000213-vis.png,23
4,000214-vis.png,23
3,000215-vis.png,23
3,000216-vis.png,23
4,000217-vis.png,23
1,000218-vis.png,23
4,000219-vis.png,23
4,000220-vis.png,23
3,000221-vis.png,24
3,000222-vis.png,24
2,000223-vis.png,24
2,000224-vis.png,24
4,000225-vis.png,24
4,000226-vis.png,24
4,000227-vis.png,24
2,000228-vis.png,24
4,000229-vis.png,24
2,000230-vis.png,24
4,000231-vis.png,25
4,000232-vis.png,25
3,000233-vis.png,25
3,000234-vis.png,25
2,000235-vis.png,25
2,000236-vis.png,25
3,000237-vis.png,25
0,000238-vis.png,26
4,000239-vis.png,26
4,000240-vis.png,26
4,000241-vis.png,26
3,000242-vis.png,26
3,000243-vis.png,26
4,000244-vis.png,26
0,000245-vis.png,26
3,000246-vis.png,26
3,000248-vis.png,26
3,000249-vis.png,26
4,000250-vis.png,26
3,000251-vis.png,26
3,000252-vis.png,26
3,000253-vis.png,26
3,000254-vis.png,26
0,000255-vis.png,1
4,000256-vis.png,1
4,000257-vis.png,1
4,000258-vis.png,1
4,000259-vis.png,1
4,000260-vis.png,1
4,000261-vis.png,1
3,000262-vis.png,1
3,000263-vis.png,1
1,000264-vis.png,2
1,000265-vis.png,2
1,000266-vis.png,2
1,000267-vis.png,2
1,000268-vis.png,2
4,000269-vis.png,2
0,000270-vis.png,2
4,000271-vis.png,2
4,000272-vis.png,2
2,000273-vis.png,2
2,000274-vis.png,2
2,000275-vis.png,2
4,000276-vis.png,2
2,000277-vis.png,3
4,000278-vis.png,3
3,000279-vis.png,3
4,000280-vis.png,3
3,000281-vis.png,3
3,000282-vis.png,3
3,000283-vis.png,3
3,000284-vis.png,4
3,000285-vis.png,4
4,000286-vis.png,4
3,000287-vis.png,4
4,000288-vis.png,4
2,000289-vis.png,5
0,000290-vis.png,5
2,000291-vis.png,5
4,000292-vis.png,5
2,000293-vis.png,5
2,000294-vis.png,5
4,000295-vis.png,5
4,000296-vis.png,5
4,000297-vis.png,5
4,000298-vis.png,5
4,000299-vis.png,5
3,000300-vis.png,5
2,000301-vis.png,5
4,000302-vis.png,5
4,000303-vis.png,5
4,000304-vis.png,5
4,000305-vis.png,5
4,000306-vis.png,5
4,000307-vis.png,5
0,000308-vis.png,6
2,000309-vis.png,6
4,000310-vis.png,6
2,000311-vis.png,6
3,000312-vis.png,6
3,000313-vis.png,7
4,000314-vis.png,7
4,000315-vis.png,7
3,000316-vis.png,7
3,000317-vis.png,7
3,000318-vis.png,7
3,000319-vis.png,7
4,000320-vis.png,7
4,000321-vis.png,7
4,000322-vis.png,8
4,000323-vis.png,8
1,000324-vis.png,8
0,000325-vis.png,9
4,000326-vis.png,9
4,000327-vis.png,9
0,000328-vis.png,9
1,000329-vis.png,9
0,000330-vis.png,9
1,000331-vis.png,9
1,000332-vis.png,9
0,000333-vis.png,9
1,000334-vis.png,9
0,000336-vis.png,9
1,000337-vis.png,9
4,000338-vis.png,9
4,000339-vis.png,10
4,000340-vis.png,10
4,000341-vis.png,10
4,000342-vis.png,10
4,000343-vis.png,10
4,000344-vis.png,10
4,000345-vis.png,10
4,000346-vis.png,10
4,000348-vis.png,10
4,000349-vis.png,10
4,000350-vis.png,10
4,000351-vis.png,10
4,000352-vis.png,10
4,000353-vis.png,11
3,000354-vis.png,11
4,000355-vis.png,11
3,000356-vis.png,11
3,000357-vis.png,11
3,000358-vis.png,11
4,000359-vis.png,11
4,000360-vis.png,11
4,000361-vis.png,11
4,000362-vis.png,11
3,000363-vis.png,12
2,000364-vis.png,12
4,000365-vis.png,12
0,000366-vis.png,12
3,000367-vis.png,12
2,000368-vis.png,12
2,000369-vis.png,12
2,000370-vis.png,12
0,000371-vis.png,12
3,000372-vis.png,12
3,000373-vis.png,12
3,000374-vis.png,12
4,000375-vis.png,13
4,000376-vis.png,13
4,000377-vis.png,13
4,000378-vis.png,13
0,000379-vis.png,13
4,000380-vis.png,13
0,000381-vis.png,13
4,000382-vis.png,13
4,000383-vis.png,14
0,000384-vis.png,14
0,000385-vis.png,14
0,000386-vis.png,14
0,000387-vis.png,15
2,000388-vis.png,15
3,000389-vis.png,15
0,000390-vis.png,16
1,000391-vis.png,16
4,000392-vis.png,16
0,000393-vis.png,16
0,000394-vis.png,17
2,000395-vis.png,17
0,000396-vis.png,17
3,000397-vis.png,17
3,000398-vis.png,17
3,000399-vis.png,17
1,000400-vis.png,17
3,000401-vis.png,17
0,000402-vis.png,17
0,000403-vis.png,17
0,000404-vis.png,17
1,000405-vis.png,17
1,000406-vis.png,17
1,000407-vis.png,17
1,000408-vis.png,17
3,000409-vis.png,17
0,000410-vis.png,17
1,000411-vis.png,17
3,000412-vis.png,17
3,000413-vis.png,17
4,000414-vis.png,17
1,000415-vis.png,17
3,000416-vis.png,17
3,000417-vis.png,17
1,000418-vis.png,17
4,000419-vis.png,17
3,000420-vis.png,17
3,000421-vis.png,17
3,000422-vis.png,17
0,000423-vis.png,17
1,000426-vis.png,17
4,000427-vis.png,17
3,000428-vis.png,17
3,000429-vis.png,17
4,000430-vis.png,18
4,000431-vis.png,18
4,000432-vis.png,18
0,000433-vis.png,19
0,000434-vis.png,19
2,000435-vis.png,19
2,000436-vis.png,19
4,000437-vis.png,19
0,000438-vis.png,19
4,000439-vis.png,19
2,000440-vis.png,19
3,000441-vis.png,19
4,000442-vis.png,19
3,000443-vis.png,19
3,000444-vis.png,19
4,000445-vis.png,19
2,000446-vis.png,19
2,000447-vis.png,19
3,000449-vis.png,20
4,000450-vis.png,20
3,000451-vis.png,20
4,000452-vis.png,20
4,000453-vis.png,20
4,000454-vis.png,20
4,000455-vis.png,20
4,000456-vis.png,20
4,000457-vis.png,20
4,000458-vis.png,20
4,000459-vis.png,20
4,000460-vis.png,21
1,000461-vis.png,21
1,000462-vis.png,22
1,000463-vis.png,22
0,000464-vis.png,23
3,000465-vis.png,23
1,000466-vis.png,23
1,000467-vis.png,23
3,000468-vis.png,23
4,000469-vis.png,23
3,000470-vis.png,23
3,000471-vis.png,23
4,000472-vis.png,23
1,000473-vis.png,23
4,000474-vis.png,23
4,000475-vis.png,23
3,000476-vis.png,24
3,000477-vis.png,24
2,000478-vis.png,24
2,000479-vis.png,24
4,000480-vis.png,24
4,000481-vis.png,24
4,000482-vis.png,24
2,000483-vis.png,24
4,000484-vis.png,24
2,000485-vis.png,24
4,000486-vis.png,25
4,000487-vis.png,25
3,000488-vis.png,25
3,000489-vis.png,25
2,000490-vis.png,25
2,000491-vis.png,25
3,000492-vis.png,25
0,000493-vis.png,26
4,000494-vis.png,26
4,000495-vis.png,26
4,000496-vis.png,26
3,000497-vis.png,26
3,000498-vis.png,26
4,000499-vis.png,26
0,000500-vis.png,26
3,000501-vis.png,26
3,000503-vis.png,26
3,000504-vis.png,26
4,000505-vis.png,26
3,000506-vis.png,26
3,000507-vis.png,26
3,000508-vis.png,26
3,000509-vis.png,26
